Date,Log_Return_Next_1M,Log_Return_1M,CUSR0000SAF11,CUSR0000SEHE,PSAVERT,FEDFUNDS_Deviation1,PX_MD_Growth_1Y,GEP_Ratio,EWMA_Cross_Ind1,VIX_Log_Return_6M
1990-07-31,-0.09906281541277137,-0.005236846788815325,0.05773834381850659,0.05777780066681139,2.151762203259462,4.239999999999999,-0.18721154208814633,0.0004339363067222669,0.0,-0.18342626286337518
1990-08-31,-0.05254071046276892,-0.09906281541277137,0.06133081991080151,0.033738139631850204,2.163323025660538,3.8999999999999995,0.27329333499968134,0.00047864945990913263,0.0,0.307270673480237
1990-09-30,-0.006884164484758235,-0.05254071046276892,0.06193929944029056,0.14939505659769012,2.0918640616783932,3.869999999999999,0.3237870770938973,0.000515796194991874,1.0,0.38894148189148575
1990-10-31,0.058239771847743406,-0.0067207460051146055,0.0633416329037249,0.27286698666664044,2.0918640616783932,3.589999999999999,0.28768207245178085,-0.00040413119754691265,0.0,0.4310902529369217
1990-11-30,0.024493492327579542,0.058206844445033885,0.06304931758610341,0.3651419911238233,2.066862759472976,3.259999999999998,0.294799540220645,-0.0004281867539538116,0.0,0.24354422642522902
1990-12-31,0.040739558544444644,0.024524556849066764,0.061274907500551534,0.32476627548490344,2.0794415416798357,3.059999999999998,0.294799540220645,-0.0004364628731694334,0.0,0.5317660915507223
1991-01-31,0.06517257963052371,0.04067902429874777,0.05584624989364096,0.25207257843094333,2.174751721484161,3.309999999999998,-0.050010420574661305,-0.00039509244186757605,0.0,-0.00951938462996258
1991-02-28,0.02195993835391806,0.06511445851577624,0.03927997416843967,-0.021938722675853218,2.2407096892759584,3.0299999999999967,-0.18721154208814633,-0.00035962178634498215,1.0,-0.3424432134854049
1991-03-31,0.0003197482375830989,0.02195993835391806,0.02778999712967882,0.10428234843748099,2.1972245773362196,2.939999999999997,-0.11441035117774434,-0.00036346104827117236,0.0,-0.5449523392744154
1991-04-30,0.0378517719319112,0.0003197482375830989,0.030794772839209568,0.08329251811089289,2.0918640616783932,3.1099999999999977,-0.11778303565638339,-0.0013094171114095773,0.0,-0.49891288527503674
1991-05-31,-0.049026188311323715,0.037878440105439656,0.042751166952663906,0.0539481382097002,2.163323025660538,2.7699999999999987,-0.09237332013101504,-0.0013572767249921203,0.0,-0.33008471191409144
1991-06-30,0.04382842225069668,-0.04907746586014916,0.04564952688757315,0.03371105734231166,2.1400661634962708,2.1100000000000003,-0.14107859825990549,-0.0013197723621515896,0.0,-0.2996308680695851
1991-07-31,0.019458239201722228,0.04388227631696101,0.04303334601134017,0.05129329438755048,2.1972245773362196,1.3099999999999996,-0.09237332013101504,-0.0013749323849569768,0.0,-0.3202487140718877
1991-08-31,-0.019329349869559535,0.019458239201722228,0.026014101660153447,0.058671223678898085,2.128231705849268,0.879999999999999,-0.3629054936893683,-0.0013386185550320663,0.0,-0.384029034784329
1991-09-30,0.011764759676739433,-0.019329349869559535,0.01564277707045376,-0.04551164608287702,2.163323025660538,0.40000000000000036,-0.44895022004790336,-0.0013536768807261173,0.0,-0.06295991505941143
1991-10-31,-0.04492207555969105,0.011764759676739433,0.013383099375629344,-0.1627384443707891,2.186051276738094,-0.16999999999999904,-0.4054651081081643,-0.0015653072333872884,0.0,-0.164068133507555
1991-11-30,0.10608273983053229,-0.044896647808736555,0.005943553900848137,-0.26820004593159286,2.2407096892759584,-0.5499999999999998,-0.48285177172358457,-0.001571924566851656,0.0,0.24044436703850858
1991-12-31,-0.019981047702554624,0.10578949320065524,0.008875797913968511,-0.2068520664827559,2.2082744135228043,-0.7299999999999995,-0.5543107357057294,-0.0015559541339014926,0.0,-0.01235217862296443
1992-01-31,0.009519368683266999,-0.020124906041998382,0.011834457647002798,-0.18710752710989575,2.2823823856765264,-1.33,-0.36772478012531723,0.00018774381826077084,0.0,0.13649139222564563
1992-02-29,-0.022025193753877785,0.009543855309576457,0.001480385170434203,-0.1919798785299279,2.2512917986064953,-1.46,-0.26826398659467926,0.00016845110714619113,0.0,0.14282419585778877
1992-03-31,0.027560314709193286,-0.02207370360663781,0.00738010729762246,-0.14946909891410193,2.2823823856765264,-1.8599999999999999,-0.2384110234449981,0.00018491992367310726,0.0,0.02060640610086228
1992-04-30,0.00096349251741979,0.02751079773217417,0.01030178352782597,-0.1001373858091324,2.272125885509337,-2.380000000000001,-0.06453852113757118,0.0007020252455385191,0.0,0.0032247813759260237
1992-05-31,-0.017511264288296996,0.00096349251741979,0.001467351693949966,-0.051688250242262854,2.2823823856765264,-2.4200000000000013,-0.06669137449867228,0.0006946314018168734,0.0,-0.3796415411267696
1992-06-30,0.03847131521525442,-0.017511264288296996,-0.0058694225728057325,-0.011111225425070722,2.2823823856765264,-2.2900000000000014,-0.06252035698133393,0.0007083633122953925,0.0,-0.3691066553626042
1992-07-31,-0.024243041802506846,0.038618306803876776,-0.010219067032122033,0.014341117270657754,2.302585092994046,-2.2900000000000014,-0.13815033848081718,0.0008122826630331541,0.0,-0.27852866274873567
1992-08-31,0.009064387885347568,-0.024290163475819793,-0.0014684290450666824,0.03188835336682881,2.2512917986064953,-2.400000000000002,-0.13353139262452274,0.0007927769482218396,0.0,-0.2056122987140714
1992-09-30,0.002104067588025682,0.009064387885347568,0.015401844611506484,0.028417212723576904,2.2617630984737906,-2.2700000000000022,0.0,0.0007935162946298567,0.0,-0.12491599227970039
1992-10-31,0.02986069625879647,0.002104067588025682,0.0204685508553948,0.015250840252466894,2.151762203259462,-2.8200000000000025,-0.13353139262452274,0.0008631313799610912,0.0,0.03914640608203873
1992-11-30,0.010057025148320268,0.029812952179299218,0.022703281976816876,0.005420067469339113,2.066862759472976,-3.680000000000002,0.0,0.0008412488044319841,0.0,-0.0632886588738195
1992-12-31,0.007044184588423879,0.010057025148320268,0.013894190610013141,-0.031985669151349996,2.066862759472976,-4.6800000000000015,0.03636764417087479,0.0008047081289637149,0.0,-0.06020341509671884
1993-01-31,0.010429055449634723,0.007021280908169157,0.01242251999855711,-0.03140485482874578,2.3513752571634776,-4.850000000000001,0.07145896398214485,0.0005857976891335596,0.0,-0.058633438900037534
1993-02-28,0.018524653242830477,0.010429055449634723,0.021222896806382743,0.010027939186124712,2.1400661634962708,-4.850000000000001,0.20763936477824455,0.0005559438968839085,0.0,-0.031416202210092635
1993-03-31,-0.025745396987600266,0.018524653242830477,0.01893720101975078,0.012325085992620033,2.174751721484161,-4.540000000000001,0.1758906664636642,0.000563372572916695,0.0,-0.13073419061512298
1993-04-30,0.022463263865183974,-0.025745396987600266,0.013813378490703599,0.0334106799910084,2.174751721484161,-4.170000000000001,0.0,-0.000389533516586524,0.0,-0.2626119434000863
1993-05-31,0.0006660770922496996,0.022463263865183974,0.018882187721330015,0.03548044001540964,2.163323025660538,-4.370000000000001,0.0,-0.00036540186493701335,0.0,0.034746700129061565
1993-06-30,-0.005363502517075244,0.0007549434975973471,0.03328816761670231,0.018816271799476054,2.1041341542702074,-4.49,0.12136085700426734,-0.00038495028131532835,0.0,-0.11005635528552288
1993-07-31,0.03385244141081636,-0.005341285007793978,0.024638927560429142,0.0021881846805529145,2.0412203288596382,-4.59,0.10536051565782614,0.0008065249061788171,0.0,-0.057158459007815104
1993-08-31,-0.010016550694748395,0.03385244141081636,0.02539128067085176,-0.010881500187534173,2.0149030205422647,-4.7700000000000005,0.13353139262452277,0.0008062732344623302,0.0,-0.10485401452966872
1993-09-30,0.019207276337299777,-0.010038144175098181,0.020886607320166322,-0.025096789086274426,2.028148247292285,-5.23,0.0,0.0007926218346268823,0.0,0.03605406546584036
1993-10-31,-0.012994692567740804,0.019207276337299777,0.017217068042995096,-0.028510703040804854,1.916922612182061,-5.2700000000000005,0.16430305129127634,0.0010801998556988972,0.0,-0.08044536803286272
1993-11-30,0.009737510982090494,-0.012994692567740804,0.023614693047226066,-0.0307378754536291,1.824549292051046,-5.16,-0.03509131981127017,0.0010809491487617125,0.0,0.021300838892814363
1993-12-31,0.031855150264844916,0.010040598783038786,0.029340208363418028,-0.034163101922842665,1.824549292051046,-5.140000000000001,0.06899287148695142,0.0010536706634741856,0.0,0.03490752479737836
1994-01-31,-0.030484876700990607,0.03198376790603728,0.03426459397409608,-0.040409538337876784,2.1972245773362196,-5.25,-0.03509131981127017,0.0005927904132855078,0.0,-0.09846942052064717
1994-02-28,-0.046932933110448584,-0.030505597516048102,0.03276646406754429,-0.03382509615364398,1.9459101490553132,-5.74,-0.13353139262452274,0.0005767551259898789,0.0,0.22701785300329183
1994-03-31,0.01171143349310563,-0.04682593067640036,0.02634541834000401,0.014372828957758684,1.8562979903656263,-6.65,-0.032789822822990956,0.0006045925257619891,0.0,0.4538031067337036
1994-04-30,0.012320928865823515,0.011464671878566653,0.02566070947566169,-0.005491501993675121,1.9021075263969205,-7.86,0.0,0.0018775711385772928,0.0,0.18362963136881247
1994-05-31,-0.02715623904644618,0.012320928865823515,0.023463571965115088,-0.02873125804048102,1.840549633397487,-8.61,0.06669137449867235,0.00188328804538564,0.0,-0.05451147849568348
1994-06-30,0.031004268952847046,-0.02715623904644618,0.016237561131683745,-0.030052345066401937,2.0149030205422647,-9.46,-0.25951119548508456,0.0018450517806066886,0.0,0.2498840484332264
1994-07-31,0.036865482370297305,0.031004268952847046,0.026140661902604,-0.03220711467044038,1.916922612182061,-10.100000000000001,-0.03390155167568134,0.001604871123786942,0.0,0.04596397244995621
1994-08-31,-0.027245341243997485,0.03690910079063622,0.03519011939639225,-0.02324399057765106,1.9315214116032138,-10.84,-0.0317486983145803,0.0015424511721583022,0.0,-0.21694221089791696
1994-09-30,0.020662960456557498,-0.027245341243997485,0.03501758346782204,-0.011111225425070722,1.8562979903656263,-11.77,0.125163142954006,0.0015280785468997594,0.0,-0.3591229815844211
1994-10-31,-0.040115551248926296,0.02061975964867581,0.0335695857228546,-0.011185798957715739,1.9021075263969205,-12.71,-0.09531017980432477,0.0024101429107033535,0.0,0.055785725604255744
1994-11-30,0.012532758344273611,-0.04030609832475872,0.027207817113764955,-0.02140926842367952,1.9459101490553132,-13.700000000000001,0.13353139262452277,0.002418947135281435,0.0,0.20220444662918657
1994-12-31,0.024118338067686082,0.012224097678835127,0.025758472513519932,-0.020385756924473863,1.9315214116032138,-14.780000000000001,0.0,0.002407882693313356,0.0,-0.12583140112641844
1995-01-31,0.035438712774815286,0.023987692740722114,0.03312932375987934,-0.0011461319306224611,1.9459101490553132,-15.61,0.06899287148695142,0.0014229794510496226,0.0,0.07192357614237563
1995-02-28,0.02696242010364243,0.035438712774815286,0.029688062295945557,0.0011461319306225416,1.9878743481543455,-15.35,0.06899287148695142,0.0013591197922159853,0.0,-0.018550301287884714
1995-03-31,0.02759653423700464,0.02696242010364243,0.03724568444152727,-0.04719977199456612,2.0412203288596382,-14.7,0.06453852113757116,0.0013459740302177137,0.0,-0.06584655565762015
1995-04-30,0.035570865921875125,0.027576603842838925,0.034581592504336775,-0.04160240174879054,2.0014800002101243,-13.46,0.09531017980432474,0.0012400523458066183,0.0,-0.21442483099819973
1995-05-31,0.021055316306170482,0.03566797956572486,0.04399334837030256,-0.021530576740407294,1.916922612182061,-11.879999999999999,-0.032789822822990956,0.0011929640234487641,0.0,-0.21611497624496648
1995-06-30,0.03128162759251219,0.021055316306170482,0.040485803560625234,-0.0033955890011381604,1.9459101490553132,-10.270000000000001,0.07145896398214485,0.0011696014825226138,0.0,-0.14835937638820976
1995-07-31,-0.0003202887643984275,0.03128162759251219,0.036292925300589314,0.003380284908823691,1.8718021769015913,-8.98,0.0,0.00047656864239322636,0.0,0.12038090154085436
1995-08-31,0.03931443269158869,-0.0003202887643984275,0.028631812674327295,0.0,1.9315214116032138,-7.800000000000001,-0.06669137449867228,0.00042833193099889457,0.0,-0.0197685455859937
1995-09-30,-0.004991773385712522,0.03931443269158869,0.02380255182275427,-0.0022371373983563216,1.8870696490323797,-6.420000000000002,-0.1941560144409575,0.0004527038343669706,0.0,-0.04826675037591176
1995-10-31,0.04022886132135168,-0.004991773385712522,0.027807827731322187,0.0,1.8870696490323797,-4.790000000000002,-0.03390155167568134,-0.0006876386763626439,0.0,0.16298689956994467
1995-11-30,0.017293475541394994,0.04022886132135168,0.03116783453231476,0.0022753138371356054,1.9459101490553132,-2.730000000000002,-0.13353139262452274,-0.0006948758787585714,0.0,-0.10406437547116285
1995-12-31,0.0320967312736511,0.017293475541394994,0.029124984471572014,0.0011435107020787987,1.8562979903656263,-0.5600000000000023,-0.10536051565782628,-0.0006630808638135294,0.0,0.09546996348004093
1996-01-31,0.006909774215232251,0.0320967312736511,0.020161973290344318,0.014798221098949882,1.791759469228055,1.4099999999999966,-0.06899287148695156,4.7648253612277495e-05,0.0,-0.07382290565606753
1996-02-29,0.007885395976348094,0.006909774215232251,0.026184778995067007,0.08347324277032578,1.8718021769015913,1.9199999999999964,-0.06899287148695156,3.684327612775695e-05,0.0,0.39147888012512455
1996-03-31,0.01334202010570647,0.007885395976348094,0.02408143125697627,0.07960001431998746,1.8870696490323797,2.3299999999999956,-0.09844007281325265,4.803991609975978e-05,0.0,0.39335648408802226
1996-04-30,0.02259617855050066,0.01334202010570647,0.03408281782019349,0.09937247381320377,1.8562979903656263,2.1999999999999957,-0.09531017980432477,0.0004565927560202666,0.0,0.1350667289132285
1996-05-31,0.0022541674267919786,0.02259617855050066,0.027853259468907276,0.137817725805208,1.7047480922384253,1.4599999999999964,0.03278982282299097,0.00043546097710914233,0.0,0.32767469520259224
1996-06-30,-0.04682750899291917,0.0022541674267919786,0.0252337425813571,0.11753105127808154,1.8718021769015913,0.6799999999999962,0.0,0.0004344793211238414,0.0,0.08860753226802986
1996-07-31,0.01863914203076116,-0.04682750899291917,0.0343721873787242,0.07475054245695587,1.9315214116032138,0.04999999999999716,0.033901551675681416,0.0005674074352364556,0.0,0.440235282114413
1996-08-31,0.05278534169307636,0.01863914203076116,0.036943515191684276,0.06397845391486634,1.8718021769015913,-0.7300000000000031,0.06669137449867235,0.0005395751434634643,0.0,-0.0017621552658061699
1996-09-30,0.025795311754557296,0.05278534169307636,0.040821994520254985,0.0692168105764552,1.8562979903656263,-1.2900000000000027,0.13353139262452277,0.0005445603478831394,0.0,-0.10783523742879665
1996-10-31,0.07080896305654677,0.025766184810720273,0.04191838323298978,0.10051188463326192,1.8562979903656263,-1.7000000000000028,0.033901551675681416,0.0013359870108606382,0.0,0.13455743652444097
1996-11-30,-0.021740025620189604,0.07080896305654677,0.04564025463043488,0.17185025692665923,1.8082887711792655,-2.2100000000000026,0.06899287148695142,0.0012447136489034368,0.0,0.06446071680083929
1996-12-31,0.059510626546169565,-0.021740025620189604,0.05075910634065961,0.19838236494413902,1.824549292051046,-2.8500000000000023,0.10536051565782614,0.0012354649977636535,0.0,0.4247707083410849
1997-01-31,0.005910091189056064,0.059510626546169565,0.048061197210063654,0.21292199724267172,1.8082887711792655,-3.8400000000000016,0.06899287148695142,0.0006592134164822932,0.0,0.0005137544060291419
1997-02-28,-0.04354863618214284,0.005910091189056064,0.038991293965183756,0.1320814483910626,1.7749523509116738,-4.3100000000000005,0.06899287148695142,0.0006399915957876652,0.0,0.21547163869766203
1997-03-31,0.05676360503236183,-0.04354863618214284,0.04142987317468226,0.11530032468082713,1.791759469228055,-4.84,-0.03509131981127017,0.0006235387465823628,0.0,0.2671180208750337
1997-04-30,0.05692544457452352,0.05676360503236183,0.03486473199619341,0.06245735493374666,1.8082887711792655,-4.83,0.0,0.00013450766695953528,0.0,0.10226345031299515
1997-05-31,0.04253503662890388,0.05692544457452352,0.028370697129215566,0.0009975063171253381,1.824549292051046,-4.580000000000001,-0.06669137449867228,0.00012866648437155002,0.0,0.11297446028974685
1997-06-30,0.07524272255849243,0.04253503662890388,0.03226086221822148,0.009031672030347757,1.8718021769015913,-4.260000000000001,-0.03509131981127017,0.00012449385046390854,0.0,0.028741700425110095
1997-07-31,-0.059161917057130455,0.07524272255849243,0.024391453124159048,0.038899479613737596,1.840549633397487,-3.740000000000002,-0.10536051565782628,3.533991533245994e-05,0.0,0.09824746421224496
1997-08-31,0.05178908254907495,-0.05918289529406516,0.022415283670920688,0.031026273563100466,1.7578579175523736,-3.1000000000000014,-0.13815033848081718,3.46169628268666e-05,0.0,0.1599563984992567
1997-09-30,-0.03508607782077327,0.05178908254907495,0.022960192281500962,0.01965919496013807,1.7404661748405046,-2.620000000000001,-0.13353139262452274,2.0300984176394144e-05,0.0,0.034187590092416634
1997-10-31,0.04362145338032799,-0.03508607782077327,0.018430772749304613,-0.01848101880818065,1.7749523509116738,-2.280000000000001,-0.06899287148695156,-0.0003105052861927452,0.0,0.5591884380328186
1997-11-30,0.015609138181524677,0.04362145338032799,0.0132955424812445,-0.07550755250814506,1.7749523509116738,-2.210000000000001,-0.03390155167568134,-0.0003346104818036922,0.0,0.3572479782255288
1997-12-31,0.010099010336863458,0.015609138181524677,0.010729039492224136,-0.09840775584845902,1.8082887711792655,-2.000000000000001,-0.06899287148695156,-0.0003147328955429892,0.0,0.10902307649716254
1998-01-31,0.06807836648858762,0.010099010336863458,0.010094722947010255,-0.13994460745923587,1.8082887711792655,-1.3500000000000014,-0.2657031657330058,-5.949059589517391e-05,0.0,-0.00046566842044248814
1998-02-28,0.048738462205499475,0.06807836648858762,0.02143839987652039,-0.15445851421479,1.9459101490553132,-0.7700000000000022,-0.22314355131420985,-5.62926323671532e-05,0.0,-0.2887597091357794
1998-03-31,0.009035525668709443,0.048738462205499475,0.014479321264834344,-0.14550758367123828,1.9459101490553132,-0.060000000000002274,-0.11332868530700312,-5.3241058089158396e-05,0.0,0.05560521996950869
1998-04-30,-0.01900569265965794,0.009035525668709443,0.016362857210480062,-0.11145544092532295,1.9600947840472698,0.3799999999999981,-0.22314355131420985,-0.00017019018565165098,0.0,-0.5048588393616584
1998-05-31,0.03868041398243032,-0.01900569265965794,0.018268224570026578,-0.09730618845103972,1.9315214116032138,0.7299999999999986,-0.10919929196499197,-0.00017027863225495352,0.0,-0.2519917310915501
1998-06-30,-0.01168331178413525,0.03868041398243032,0.020735898479178342,-0.08873841464109034,1.8870696490323797,1.0199999999999987,-0.03636764417087472,-0.00017446786937045197,0.0,-0.19734434505119589
1998-07-31,-0.15758607868343158,-0.01168331178413525,0.01759944860107789,-0.08810726751026678,1.8718021769015913,1.1099999999999994,-0.037740327982847086,-0.0002509368857641043,0.0,0.14418704249818515
1998-08-31,0.06052627819818775,-0.15758607868343158,0.018821132736741065,-0.0706672430789446,1.8870696490323797,1.759999999999999,-0.11778303565638351,-0.00028022477115357994,0.0,0.8700633323479826
1998-09-30,0.0772334378916789,0.06052627819818775,0.017500446635100867,-0.0700179869021967,1.8718021769015913,2.7899999999999983,-0.19671029424605427,-0.00028860472186157147,0.0,0.5251731191554838
1998-10-31,0.05744403620469628,0.0772334378916789,0.015000281259492378,-0.08315635834681591,1.8082887711792655,3.539999999999999,-0.11332868530700312,-0.00012099182190423657,0.0,0.2809312501875001
1998-11-30,0.05484350764671907,0.05744403620469628,0.021773799549560754,-0.09861801825564971,1.7749523509116738,3.839999999999999,-0.23180161405732444,-0.00010996708942991382,0.0,0.1988355032767405
1998-12-31,0.04019085861548223,0.05484350764671907,0.021118797308989058,-0.10685537018790218,1.791759469228055,3.9999999999999982,-0.11332868530700312,-0.00010474286799243019,0.0,0.21427639709206173
1999-01-31,-0.03281513760025149,0.04019085861548223,0.02173323665243709,-0.12278502054903863,1.7047480922384253,3.799999999999999,0.16034265007517948,0.0001814660993229704,0.0,0.056822366630384404
1999-02-28,0.038060632258911854,-0.03281513760025149,0.019154122810395267,-0.10320766229672523,1.8082887711792655,3.579999999999999,0.0408219945202552,0.00017961080357264787,0.0,-0.4626235244819201
1999-03-31,0.03724185997213077,0.038060632258911854,0.023472356185142283,-0.09651572545967343,1.791759469228055,3.589999999999999,0.0769610411361284,0.00017828939046726035,0.0,-0.5656166719994123
1999-04-30,-0.025287532336114905,0.03724185997213077,0.019778147791643712,-0.09378296231538344,1.7227665977411035,3.499999999999999,0.11778303565638365,0.0006615093245206344,0.0,-0.11231670477218247
1999-05-31,0.05300823759008801,-0.025287532336114905,0.021001389534387883,-0.06117422336915364,1.547562508716013,3.1999999999999993,0.07410797215372183,0.0006656981549981951,0.0,-0.02412571658278966
1999-06-30,-0.0325708089457425,0.05300823759008801,0.019705071079332337,-0.04808080883452809,1.4816045409242156,2.709999999999999,-0.07696104113612844,0.0006782964026845905,0.0,-0.146603470081033
1999-07-31,-0.006273730443188987,-0.0325708089457425,0.020962543179713404,-0.02666824708216141,1.4586150226995167,2.4099999999999993,0.03774032798284711,0.000717222916750654,0.0,-0.06329487514307548
1999-08-31,-0.028967323421100265,-0.006273730443188987,0.018473431751446372,-0.005479465764625596,1.4816045409242156,1.58,0.15415067982725836,0.0007420320859522716,0.0,-0.13127930866574616
1999-09-30,0.06066183660855315,-0.028967323421100265,0.01659024226019679,0.028170876966696224,1.4586150226995167,0.4800000000000004,0.16034265007517948,0.0007510164752050902,0.0,0.08840763439637356
1999-10-31,0.01888245796159326,0.06066183660855315,0.021479807111066788,0.09038406146826915,1.308332819650179,-0.6399999999999997,0.14842000511827322,0.0010987130507942526,0.0,-0.1215795767523797
1999-11-30,0.05623277504510495,0.01888245796159326,0.015873349156290163,0.12409061302145745,1.3862943611198906,-1.2199999999999998,0.23180161405732438,0.0010309494809591414,0.0,-0.04882951386988697
1999-12-31,-0.05224485096542008,0.05623277504510495,0.016458768364598954,0.150362484569913,1.410986973710262,-2.05,0.1823215567939546,0.0009919633321576519,0.0,0.15557211216879147
2000-01-31,-0.020313002436901425,-0.05224485096542008,0.01644874124867757,0.21981259415397048,1.308332819650179,-3.0199999999999996,0.10536051565782614,0.0006528914883529442,0.0,0.012502738881705625
2000-02-29,0.09232375063667664,-0.020313002436901425,0.011560822401076006,0.2822912238169044,1.5040773967762742,-3.369999999999999,0.14842000511827322,0.0006838169336487469,0.0,-0.04517706266346764
2000-03-31,-0.03127991095339023,0.09232375063667664,0.013943845200280091,0.531833796717519,1.3862943611198906,-3.8899999999999997,0.16989903679539742,0.0006381924748422604,0.0,-0.05251607381867354
2000-04-30,-0.02215875239575553,-0.03127991095339023,0.01819334596120573,0.4054651081081642,1.33500106673234,-4.07,0.16989903679539742,0.00022813549150704166,0.0,0.16566711664200204
2000-05-31,0.02365163155843237,-0.02215875239575553,0.01817130556409558,0.3427940011453887,1.4586150226995167,-3.9400000000000013,0.06899287148695142,0.00022917977001656557,0.0,-0.02216275899950287
2000-06-30,-0.016476267193485265,0.02365163155843237,0.02051973023117654,0.3231288214475285,1.4586150226995167,-3.1800000000000006,0.14842000511827322,0.00021704177176477146,0.0,-0.23190742042591228
2000-07-31,0.05892822369153254,-0.016476267193485265,0.02172686551533717,0.3225403735039866,1.4586150226995167,-2.570000000000001,0.10536051565782614,0.00040773745559537515,0.0,-0.1848096610106499
2000-08-31,-0.05496632087674741,0.05892822369153254,0.027679264042632355,0.3214462520549885,1.547562508716013,-2.0600000000000014,-0.03636764417087472,0.00040327049952493986,0.0,-0.3276961665862612
2000-09-30,-0.0049687427816885715,-0.05496632087674741,0.029422716827028298,0.29962964587289914,1.5686159179138452,-1.610000000000002,0.07145896398214485,0.00040205475049367333,0.0,-0.1587930286794644
2000-10-31,-0.08345618792359105,-0.004961774691885913,0.026364618720939956,0.3548213752894094,1.410986973710262,-0.9900000000000029,0.09844007281325251,-0.0008801671607160048,0.0,-0.10324238420365167
2000-11-30,0.004045252545684775,-0.08345618792359105,0.023347363996991107,0.34534337792918235,1.4586150226995167,-0.12000000000000277,0.0,-0.0008819262217265658,0.0,0.2260990137698326
2000-12-31,0.034050231409260966,0.004045252545684775,0.022714664582531886,0.3371792002420328,1.4586150226995167,1.639999999999998,-0.06899287148695156,-0.0009136281033674946,1.0,0.31780214169366716
2001-01-31,-0.09683114482086731,0.034050231409260966,0.028003021322156176,0.3188869503775737,1.410986973710262,3.8699999999999983,0.0,-0.0011184964782521064,0.0,0.05988696031746187
2001-02-28,-0.06635853454793589,-0.09683114482086731,0.03038660956823691,0.26858190107836155,1.5040773967762742,5.3599999999999985,-0.03509131981127017,-0.001151335309697703,0.0,0.520870025754264
2001-03-31,0.07400701716559067,-0.06635853454793589,0.03257617043461267,-0.020766947525198812,1.5260563034950492,7.009999999999999,-0.13353139262452274,-0.001258904880776971,0.0,0.3309706319523851
2001-04-30,0.005077276192499077,0.07400701716559067,0.03368117483038553,0.05293064225040349,1.589235205116581,8.09,-0.0317486983145803,-0.0023419376167211274,0.0,0.07537675705512968
2001-05-31,-0.025354105491820707,0.005077276192499077,0.03480150673867216,0.07889394246966315,1.5686159179138452,8.770000000000001,0.06453852113757116,-0.002189145467921037,0.0,-0.2697438862019857
2001-06-30,-0.010830942284155194,-0.025354105491820707,0.03174869831458027,0.07812736519946768,1.4586150226995167,8.57,0.033901551675681416,-0.002241883180920103,0.0,-0.3426739649560685
2001-07-31,-0.06625562852916861,-0.010798241319025235,0.035194248121792684,0.06931908254839919,1.4350845252893227,8.340000000000002,-0.1431008436406733,-0.0022517076082199067,0.0,-0.018332301054557174
2001-08-31,-0.08525663276941997,-0.06625562852916861,0.03211954942211252,0.024401053231680327,1.6863989535702288,8.3,0.0,-0.0022987124717071482,0.0,-0.12895634664867606
2001-09-30,0.01793727226268294,-0.08525663276941997,0.031452796551805856,0.010240341554244041,1.8718021769015913,8.43,-0.03509131981127017,-0.0025786093794278046,0.0,0.10874169550305432
2001-10-31,0.07248427993671071,0.01793727226268294,0.030861255570344737,-0.06636799543340473,1.9315214116032138,8.46,-1.1631508098056809,-0.0010955936048824592,0.0,0.27544110978112063
2001-11-30,0.007545296609037892,0.07248427993671071,0.03545852436873264,-0.12421392598667395,1.0647107369924282,7.9,-1.9810014688665833,-0.0010436761443924135,0.0,0.051646622221657196
2001-12-31,-0.015696378592795636,0.007545296609037892,0.034275792119683283,-0.16731110451936482,1.2237754316221157,6.470000000000001,-0.4418327522790392,-0.0010292828260203754,0.0,0.2220936784149053
2002-01-31,-0.020984861119793335,-0.015696378592795636,0.026096001000737036,-0.24805275007423533,1.308332819650179,4.53,-0.456758402495715,4.145940791313285e-06,0.0,-0.024819849302751756
2002-02-28,0.036080106667215,-0.020984861119793335,0.028920465542867233,-0.2803627351095111,1.7227665977411035,2.9999999999999996,-0.2876820724517808,-5.411962031590677e-07,0.0,-0.14344044538656497
2002-03-31,-0.0633846547446828,0.036080106667215,0.023611808139189595,-0.2530732616969167,1.6863989535702288,0.8099999999999996,-0.03636764417087472,5.048232527453552e-06,0.0,-0.6070758319874057
2002-04-30,-0.009122969376784574,-0.0633846547446828,0.023544010284585394,-0.1861195104667134,1.7047480922384253,-0.6500000000000004,-0.10178269430994247,0.0006195215956437968,0.0,-0.4263917758764042
2002-05-31,-0.07521434960317877,-0.009122969376784574,0.024056142854236257,-0.14664380571701743,1.6863989535702288,-1.8200000000000003,-0.16989903679539747,0.0006401549267106969,0.0,-0.1766330982883352
2002-06-30,-0.08229988459363803,-0.07521434960317877,0.015504186535965254,-0.1352857790394161,1.8082887711792655,-2.3800000000000003,-0.10536051565782628,0.0006777424461382137,0.0,0.06506361038484858
2002-07-31,0.004869557741769553,-0.08229988459363803,0.009750579115377132,-0.13767128305621582,1.8082887711792655,-2.6900000000000004,0.0,0.0012374591856671824,0.0,0.41787392378405697
2002-08-31,-0.11656114050838795,0.004869557741769553,0.007443492712659783,-0.10484224666462412,1.667706820558076,-2.9300000000000006,-0.037740327982847086,0.001234895316099944,0.0,0.41330825980216757
2002-09-30,0.08291439611915427,-0.11656114050838795,0.004005727816926903,-0.09015109699429745,1.6486586255873816,-3.29,-0.11332868530700312,0.0012867385702021227,0.0,0.824629047897609
2002-10-31,0.05550057104349944,0.08291439611915427,0.00571756846320346,-0.09453946685673341,1.7578579175523736,-3.4200000000000004,0.9162907318741551,-0.0009352356483481406,0.0,0.3515500001625376
2002-11-30,-0.06222926619772059,0.05550057104349944,-0.0005712653682920406,-0.02780228131195184,1.7227665977411035,-3.67,1.791759469228055,-0.0008878014986052304,0.0,0.3194542543632131
2002-12-31,-0.0277974877305516,-0.06222926619772059,0.003420755901245352,0.025568403149114568,1.7227665977411035,-3.4000000000000004,0.32850406697203605,-0.0008965009452119424,0.0,0.11935664444562602
2003-01-31,-0.01714982949976613,-0.0277974877305516,0.006845434603501758,0.10447202159671114,1.667706820558076,-2.91,0.27443684570176036,0.0010347193999805894,0.0,-0.027216829282904732
2003-02-28,0.008322836592988462,-0.01714982949976613,0.0034149151000689815,0.20530071613513357,1.667706820558076,-2.3800000000000003,0.25131442828090617,0.0011019446482167686,0.0,-0.09675117813470938
2003-03-31,0.07792734002637904,0.008322836592988462,0.008501042977928995,0.3269744727623389,1.6486586255873816,-1.35,0.13815033848081718,0.0010945618175698972,0.0,-0.30864433248448336
2003-04-30,0.04964571199782594,0.07792734002637904,0.007350895413391311,0.39905189327345103,1.589235205116581,-0.71,-0.15415067982725822,0.001616615066974821,0.0,-0.3840204213939104
2003-05-31,0.011258598140629074,0.04964571199782594,0.005080451232418914,0.24647180380511807,1.6094379124341003,0.010000000000000009,-0.30010459245033816,0.0015427333513490218,0.0,-0.3453112205552647
2003-06-30,0.016093504013478806,0.011258598140629074,0.013582551765868912,0.1883030466534894,1.667706820558076,0.44999999999999996,-0.25131442828090605,0.001449043777112348,0.0,-0.38266619901566984
2003-07-31,0.017715355943955013,0.016093504013478806,0.022574322038538975,0.16839681732546125,1.62924053973028,0.25,-0.42488319396526597,0.0013875445253464325,1.0,-0.46955459445100106
2003-08-31,-0.012016271671429112,0.017715355943955013,0.02088701391356609,0.15784481036740028,1.7749523509116738,-0.07000000000000006,-0.039220713153281385,0.0013852366242383984,0.0,-0.46401419369562236
2003-09-30,0.05350426070312328,-0.012016271671429112,0.027599611598404336,0.15096010158990325,1.7404661748405046,-0.42999999999999994,0.11332868530700307,0.0013414123261143306,0.0,-0.24920933607918455
2003-10-31,0.007103216390662538,0.05350426070312328,0.02866169783485291,0.12041610093540112,1.589235205116581,-1.02,0.03922071315328133,0.003395602676719382,0.0,-0.27565342972751006
2003-11-30,0.04951898497110497,0.007103216390662538,0.035918563757522295,0.08728773459813169,1.6094379124341003,-1.19,0.11778303565638365,0.003348890580129748,0.0,-0.17648345328079643
2003-12-31,0.017128847057714995,0.04951898497110497,0.03906746819090949,0.09249306770327614,1.6094379124341003,-1.39,0.03922071315328133,0.0032527421551795293,0.0,-0.06399227491707284
2004-01-31,0.01213504533610582,0.017128847057714995,0.04447647986676297,0.08801087732271337,1.6094379124341003,-1.5999999999999999,0.0769610411361284,0.0009655154338745206,0.0,-0.15869325903610892
2004-02-29,-0.016494204178642544,0.01213504533610582,0.04064015980750757,0.0988807700497911,1.5260563034950492,-1.8199999999999998,-0.037740327982847086,0.000956177477462033,0.0,-0.2471821328396513
2004-03-31,-0.016933314713063943,-0.016494204178642544,0.03602495405009935,-0.01081091610421573,1.5260563034950492,-2.08,-0.06669137449867228,0.0009941897574030508,0.0,-0.3054445122422977
2004-04-30,0.012011028036095873,-0.016933314713063943,0.03650847932356172,-0.10726865307745549,1.5040773967762742,-2.67,0.287682072451781,0.0012271130086529865,0.0,0.06550855477849275
2004-05-31,0.017829111362111554,0.012011028036095873,0.03703103411770804,0.0089748617606985,1.589235205116581,-3.63,0.5007752879124892,0.0012589364788552352,0.0,-0.051551306911263445
2004-06-30,-0.03489223484716681,0.017829111362111554,0.04774569374145402,0.09564070368768432,1.5686159179138452,-4.819999999999999,0.4519851237430571,0.0012560438064133615,0.0,-0.24439448370668926
2004-07-31,0.0022847383199045748,-0.03489223484716681,0.04260611631375662,0.1338081071030674,1.6863989535702288,-5.42,0.5679840376059393,0.0004729028582407698,0.0,-0.08204909834745322
2004-08-31,0.009320306218269942,0.0022847383199045748,0.04479175820273668,0.14270745260491566,1.547562508716013,-5.66,0.11332868530700307,0.0004992616557328324,0.0,0.049608010719647246
2004-09-30,0.013916952102817836,0.009320306218269942,0.038151765964376326,0.17355660962486805,1.547562508716013,-6.12,0.0,0.00048355192809289543,0.0,-0.22703399946272887
2004-10-31,0.037868776906828334,0.013916952102817836,0.03216412447855524,0.2118098448043606,1.410986973710262,-6.34,0.1758906664636642,0.0002482415973540749,0.0,-0.055004901096291706
2004-11-30,0.03197657985026832,0.037868776906828334,0.03414040591142684,0.2935538574821347,1.3609765531356006,-6.6499999999999995,0.03636764417087479,0.0002266711340005625,0.0,-0.15759749070348664
2004-12-31,-0.02561576769530585,0.03194257321148287,0.031782906815396014,0.3248448188351727,1.2237754316221157,-6.959999999999999,0.14310084364067324,0.00021220727501107607,0.0,-0.0760409759573895
2005-01-31,0.018726898056026692,-0.02561576769530585,0.024175230531987203,0.2937078370554505,1.824549292051046,-7.359999999999999,0.07145896398214485,0.00046334594215602707,0.0,-0.17815271670449428
2005-02-28,-0.019302760921690573,0.018726898056026692,0.02584958146132531,0.1976705401427696,0.9932517730102834,-7.859999999999999,0.109199291964992,0.00046342517429615645,0.0,-0.23564783125512917
2005-03-31,-0.020313511500222595,-0.019302760921690573,0.021540951371383156,0.24730580059328963,0.8329091229351039,-8.379999999999999,0.09844007281325251,0.0004821787240564251,0.0,0.049717862331354445
2005-04-30,0.029512244489019596,-0.020313511500222595,0.021494648067952527,0.28785258997286933,0.9162907318741551,-8.37,0.030771658666753472,0.0008611062968190304,0.0,-0.06081671228878353
2005-05-31,-0.00014272436450534957,0.029512244489019596,0.03045920748470844,0.31563814971837095,0.7419373447293773,-7.859999999999999,-0.030771658666753545,0.0008751792384304305,0.0,0.003769336633088146
2005-06-30,0.03533653227186871,-0.00014272436450534957,0.019108861698046507,0.2480779414542958,0.9555114450274363,-7.21,-0.030771658666753545,0.0008656862759665228,0.0,-0.0987774331424806
2005-07-31,-0.011285547502899257,0.03533653227186871,0.013807972966334816,0.2302198111409238,0.6931471805599453,-6.88,0.0,0.0008679178755409313,0.0,-0.1025909128587477
2005-08-31,0.006924991121193389,-0.011285547502899257,0.014846508116994638,0.2602964187205584,0.3364722366212129,-6.590000000000001,0.10178269430994238,0.0008817315868324237,0.0,0.042145658041861954
2005-09-30,-0.017900033906343305,0.006924991121193389,0.014862269321241012,0.26288871083103355,0.6931471805599453,-6.38,0.4289956055183586,0.0008902975841499017,0.0,-0.1622672462195023
2005-10-31,0.0345812139547286,-0.017900033906343305,0.020181247859799037,0.36049741620820275,0.6931471805599453,-6.39,0.39465419200394863,0.0009218024973233171,0.0,0.0006529073147486288
2005-11-30,-0.0009528030899304152,0.0345812139547286,0.015332047627638524,0.3118909088137739,0.8329091229351039,-6.029999999999999,0.16430305129127634,0.0009234336365974144,0.0,-0.09711764376167574
2005-12-31,0.025147895607579913,-0.0009528030899304152,0.014737108819496924,0.21668497127479794,0.9555114450274363,-5.659999999999999,0.03278982282299097,0.0009097468311512145,0.0,0.0024885731132919683
2006-01-31,0.00045305508340120506,0.025147895607579913,0.01736428790933607,0.2184355993326168,0.9162907318741551,-5.27,0.033901551675681416,0.0007257425453814232,0.0,0.112680258587873
2006-02-28,0.011034703509449961,0.00045305508340120506,0.023122417420854212,0.23630163589172087,1.0986122886681098,-4.81,0.033901551675681416,0.0007543094959188978,0.0,-0.020850813390258075
2006-03-31,0.005915464026037399,0.011034703509449961,0.02369155294372899,0.2011528555486378,1.1631508098056809,-4.319999999999999,-0.06453852113757118,0.0007470667934903308,0.0,-0.045481860436140324
2006-04-30,-0.0314049293203158,0.012082366269225648,0.02208291628774953,0.16425654939631582,1.1939224684724346,-3.8899999999999997,0.0,0.0004604203836722235,0.0,-0.2790164738752165
2006-05-31,0.00011802172536089713,-0.0314049293203158,0.009429090288851687,0.16971104920202504,1.1314021114911006,-3.7,0.22314355131420976,0.00047061617509600625,0.0,0.3098231960201633
2006-06-30,0.0051831297677848494,8.659275533511337e-05,0.008377012338048084,0.2124626803448077,1.0647107369924282,-3.51,0.030771658666753472,0.0004976377335085822,0.0,0.08036133037056845
2006-07-31,0.019587372585282283,0.005072989405988439,0.014659948410684836,0.20388231590053224,1.0647107369924282,-2.84,0.06453852113757116,0.0010950974619323161,0.0,0.14361551366152472
2006-08-31,0.024284660127014916,0.021051056620195078,0.014629310015959096,0.17581117078421252,0.8329091229351039,-2.329999999999999,0.20359895524123936,0.0010511409589698116,0.0,-0.0024340565587218695
2006-09-30,0.031044292466160264,0.024269399114309694,0.01878969684336645,0.15632725530224675,0.9162907318741551,-1.6,-0.3272129112084161,0.0010439354215873464,0.0,0.05050274687508331
2006-10-31,0.01646313983396897,0.031021812670560825,0.02132720627210456,0.005074006657730405,0.8754687373538999,-0.8100000000000005,-0.3946541920039486,0.0007132686851558285,0.0,-0.04319752783220836
2006-11-30,0.012536866857911234,0.016332551131230073,0.0217963999883331,-0.05630484893548671,0.8754687373538999,-0.16000000000000103,-0.09531017980432477,0.0007274123096438499,0.0,-0.4100376362543683
2006-12-31,0.014151531948032698,0.012536866857911234,0.01658069073305074,-0.018749186679292477,0.9932517730102834,0.29999999999999893,-0.06669137449867228,0.000674330031382247,0.0,-0.123533440652929
2007-01-31,-0.02185193283093674,0.013961131307325757,0.01398624197473987,0.02342840346325541,0.9555114450274363,0.7499999999999991,0.0,0.00038024282100268254,0.0,-0.36098424343141394
2007-02-28,0.009944655457954041,-0.022088337053376834,0.01760005061570419,-0.006864465229553515,0.8754687373538999,1.2899999999999991,0.0,0.0003961210779755772,0.0,0.22525339879908313
2007-03-31,0.042400978069138236,0.009930511784698804,0.02839125388437088,0.005624068468948114,1.0296194171811581,1.879999999999999,0.0,0.0003892595786028727,0.0,0.20051897750752748
2007-04-30,0.03203072385189615,0.04237984325323969,0.03332312128654915,0.027664986101105214,1.0986122886681098,2.3499999999999996,0.0,0.00039709534974752915,0.0,0.2477043004685619
2007-05-31,-0.017976943869676052,0.03203072385189615,0.03810715522098655,0.015488567515121341,1.0986122886681098,2.7799999999999994,-0.19237189264745613,0.00039496718134490115,0.0,0.17910836252547907
2007-06-30,-0.03337551793375183,-0.017976943869676052,0.04304850254037506,0.006952423006752841,1.0296194171811581,3.339999999999999,0.02985296314968113,0.0003954730969987077,0.0,0.3393104537784606
2007-07-31,0.012843361636104644,-0.03250447118036484,0.044479331566201014,0.010356060758543518,0.9932517730102834,3.619999999999999,0.06062462181643484,-0.001361397863481095,0.0,0.8141240988460705
2007-08-31,0.03518866326597797,0.012781539018930576,0.044612312554086375,0.015505458516585408,0.9555114450274363,4.209999999999998,-0.17185025692665915,-0.0014284406171649851,0.0,0.4162155470656567
2007-09-30,0.014359905414230302,0.03516829026279035,0.04517898335663078,0.005050413099895815,0.7884573603642703,4.759999999999999,0.0,-0.0014061041981746284,0.0,0.20661422591199172
2007-10-31,-0.04272306036739244,0.014713560940170525,0.0452793642509066,0.0632460371466643,0.8329091229351039,5.219999999999999,0.0,-0.0026151643028793736,0.0,0.26474163419965857
2007-11-30,-0.007645938061292675,-0.04504278263090341,0.04654358265231627,0.13846381111980574,0.7884573603642703,6.14,0.125163142954006,-0.0027425536545879797,0.0,0.5610378963461082
2007-12-31,-0.06284821650556097,-0.008665949670829879,0.052644128773509,0.2503921525676464,0.6418538861723947,6.8,0.15906469462968728,-0.002712904737153186,0.0,0.32665395588866064
2008-01-31,-0.03541595579931085,-0.0631138642063085,0.05554274034353874,0.24953659577580323,0.8754687373538999,8.469999999999999,0.125163142954006,-0.0013837275609800065,1.0,0.10790829739371002
2008-02-29,-0.005842129037441496,-0.03537973959244805,0.05550556405799529,0.29760395053095906,0.9555114450274363,9.379999999999999,0.1823215567939546,-0.0014002842790555052,0.0,0.12677214325162603
2008-03-31,0.04364994669905201,-0.0059774528264186924,0.04990815974049024,0.285097847519858,1.0986122886681098,10.08,0.36000273403140703,-0.0014493050735129816,0.0,0.3526111661478173
2008-04-30,0.010343397475712503,0.04645095190758541,0.04560532127835105,0.33807164107264587,1.0647107369924282,10.15,0.3746934494414107,-0.002128552146053667,0.0,0.11508106855367943
2008-05-31,-0.08934068978618669,0.010617614807393634,0.05680954496216481,0.3561654218431764,0.8754687373538999,9.610000000000001,0.4547361571149472,-0.0020962757162382513,0.0,-0.24894361713442484
2008-06-30,-0.00731896392702731,-0.08988355391782211,0.05614076817759306,0.4100444918421457,1.916922612182061,8.909999999999998,0.4054651081081644,-0.0021724990305492242,0.0,0.06245304650205882
2008-07-31,0.010508402789684077,-0.009908296633774068,0.05878908032798574,0.4774282211995517,1.5260563034950492,8.24,0.4054651081081644,-0.0014135033849745713,0.0,-0.13287730490502442
2008-08-31,-0.09907082169755704,0.012116759351493936,0.06914233418206853,0.476641635146129,1.2809338454620642,7.24,0.4054651081081642,-0.0013766626660760791,0.0,-0.2509377624662616
2008-09-30,-0.18375712281799628,-0.09518076507694331,0.07202477389891317,0.39999063445911626,1.1314021114911006,6.38,0.3272129112084161,-0.0014550300070192005,0.0,0.4305290374437432
2008-10-31,-0.07771575561558874,-0.1856364738868827,0.07327880409143377,0.3238136956494917,1.3609765531356006,5.29,0.22957444164450017,-0.009390414453519978,0.0,1.0580373901783313
2008-11-30,0.016340942416489094,-0.0777983573133054,0.07298103390573998,0.1967759230364047,1.589235205116581,3.55,-0.1590646946296874,-0.009825607365074823,0.0,1.1315287297811463
2008-12-31,-0.08926197791484711,0.0077911466734982004,0.06849970277376047,-0.034780415415292684,1.791759469228055,2.439999999999999,-0.6931471805599453,-0.008958312438587055,0.0,0.5129110984015031
2009-01-31,-0.11307260611059547,-0.08954987959881684,0.06435511283596101,-0.15543953260088794,1.7578579175523736,0.24999999999999922,-0.4353180712578455,-0.0027916879217993887,0.0,0.6702184666250477
2009-02-28,0.0894903412582251,-0.11645651319919006,0.05565532651039305,-0.21659447679650073,1.7749523509116738,-1.4600000000000009,-0.6390799592896695,-0.002926100328664558,0.0,0.8085059581571359
2009-03-31,0.09515090010929525,0.08195269356125574,0.04733800014666685,-0.2409447377868325,1.6863989535702288,-2.91,-0.7654678421395714,-0.00298227135966364,0.0,0.11385442551323555
2009-04-30,0.05180078949483298,0.08977221824359974,0.041677207717107714,-0.3638417222517262,1.7578579175523736,-3.68,-0.5389965007326869,0.000259657360346164,0.0,-0.4951972754967153
2009-05-31,-0.0042766212700819555,0.051720577155174065,0.02301462710753853,-0.40736445777616687,1.8718021769015913,-3.7300000000000004,-0.6190392084062235,0.00024368095009662222,0.0,-0.6478777574485632
2009-06-30,0.06989163825766362,0.0001958080939538299,0.015293225082721969,-0.4799731318594991,2.0541237336955462,-3.7199999999999998,-0.4978384282391794,0.00023722042530209653,0.0,-0.41741116464953565
2009-07-31,0.030238448892666893,0.07152194934301422,0.007574449453227657,-0.515182559088039,1.8082887711792655,-3.7800000000000002,-0.5645298027378518,0.00197805484268937,0.0,-0.5480857271793874
2009-08-31,0.036178400898413426,0.03300933634285532,-0.009212411836820639,-0.5417577679840188,1.6863989535702288,-3.8800000000000003,-0.5389965007326869,0.0018036672781840165,0.0,-0.5777401708307441
2009-09-30,-0.017905019474705002,0.03510006736774632,-0.01706834751936256,-0.43726695820503914,1.4816045409242156,-4.16,-0.6701576623352465,0.0017228855615275254,0.0,-0.5443834629569789
2009-10-31,0.05578861899020361,-0.01995988019711955,-0.02526658749195599,-0.38910315192666567,1.7047480922384253,-4.04,-0.2962658161431724,0.01670961607401246,1.0,-0.17337537455511923
2009-11-30,0.014643472344673631,0.055779076586737225,-0.027992331239386024,-0.2672407746019857,1.62924053973028,-3.68,-0.07145896398214487,0.014352996532701499,0.0,-0.16545219305034184
2009-12-31,-0.038983641312350506,0.017614520350300044,-0.029001328210190736,-0.07979971650427173,1.7047480922384253,-3.82,0.38566248081198473,0.013294747470209034,0.0,-0.19507809881658172
2010-01-31,0.02809609749954205,-0.0376751237121947,-0.02459234977967464,0.02482502239328822,1.6863989535702288,-3.65,0.24116205681688788,0.003027832575526836,0.0,-0.05145571958374094
2010-02-28,0.05634543602707071,0.028114739741840464,-0.019438414537839403,0.12777268097293712,1.7227665977411035,-3.34,0.35139788683788875,0.0031374700360706272,0.0,-0.28806662269062205
2010-03-31,0.013113407572968026,0.0571328154163926,-0.01480179939431519,0.13501421107569286,1.667706820558076,-3.2,0.30010459245033816,0.0029685990041107887,0.0,-0.3756523566198199
2010-04-30,-0.08712298365272032,0.014651373006918428,-0.006469401683598319,0.17878685327568578,1.667706820558076,-3.07,0.03509131981127019,0.0017500519680590534,0.0,-0.3306243187409009
2010-05-31,-0.05344975667016525,-0.08553157288349063,-0.00039858364295503247,0.19809402496295325,1.791759469228055,-2.9200000000000004,0.13353139262452277,0.0018502483648422821,0.0,0.268839797310811
2010-06-30,0.0661374764058675,-0.055388449405503734,0.003031705205923158,0.1911985037088563,1.8562979903656263,-2.71,-0.10178269430994247,0.0019205824781870493,0.0,0.46572790857700563
2010-07-31,-0.05398051367631725,0.066515799010857,0.002430134853291669,0.1322103362649288,1.824549292051046,-2.5,-0.07145896398214487,0.0015073014449399663,0.0,-0.046558733693658955
2010-08-31,0.08355686353889795,-0.048611822887418846,0.006537888423427758,0.1265908538837569,1.8082887711792655,-2.29,-0.03636764417087472,0.0014825112009690452,0.0,0.2896032733421714
2010-09-30,0.034188368499672286,0.08392847418803404,0.007419697078022822,0.10264296114887245,1.824549292051046,-2.1199999999999997,0.0,0.001441119231207094,0.0,0.29814451290846106
2010-10-31,-0.004361245397155265,0.03619305175049079,0.013351693809761986,0.11635071804607448,1.8082887711792655,-1.9,-0.07145896398214487,0.0015573449464052007,0.0,-0.0393113496267495
2010-11-30,0.05814490618271988,-0.0022928763797244473,0.014241902465247938,0.1254893566109293,1.7749523509116738,-1.83,0.10536051565782614,0.001530322227424339,0.0,-0.30921986346459596
2010-12-31,0.022408888271078686,0.06325648750899807,0.0172924343914108,0.09563149748899191,1.7578579175523736,-1.5899999999999999,0.1823215567939546,0.0015140166677259164,0.0,-0.6657325833033998
2011-01-31,0.029111166276728162,0.022392969812412192,0.016602971946233114,0.12639909982734113,1.824549292051046,-1.49,0.19415601444095756,0.0010493320680322403,0.0,-0.18504864110302616
2011-02-28,-0.002117228429384831,0.03145657676282469,0.020798511871219758,0.09327207728770123,1.8870696490323797,-1.39,0.23052365861183216,0.0009787131034962953,0.0,-0.35038814362275256
2011-03-31,0.025347710393669138,-0.0010478617545838823,0.027577185042231066,0.1279398270887988,1.9315214116032138,-1.2999999999999998,0.5328045304847658,0.0010485326533927507,0.0,-0.28965311635320984
2011-04-30,-0.014765569758913112,0.028096938770245248,0.03484396681504567,0.1750939099859818,1.840549633397487,-1.21,0.4613455665026209,0.000614358017778717,0.0,-0.36275813487984737
2011-05-31,-0.018426185911932576,-0.013592919455284002,0.03809755008274642,0.2011397114115712,1.840549633397487,-1.1600000000000001,0.24783616390458107,0.0006613887132265511,0.0,-0.4210921497260846
2011-06-30,-0.02170835585666382,-0.018426185911932576,0.04344329110394134,0.23645847329435374,1.840549633397487,-1.1199999999999999,0.3053816495511819,0.0006564737813092851,0.0,-0.07181372011892775
2011-07-31,-0.05870731048320791,-0.02170835585666382,0.04705252121057743,0.26253141096860166,1.8718021769015913,-1.1400000000000001,0.23052365861183216,0.0007828540316420593,0.0,0.2568743756742818
2011-08-31,-0.07465576316867718,-0.05846750227195686,0.053000345673450855,0.28253982455465493,1.9021075263969205,-1.08,0.2595111954850846,0.0009004018193046403,0.0,0.5441602630334264
2011-09-30,0.1024922898357651,-0.0744671007197857,0.05918550894704484,0.27242065019589806,1.9021075263969205,-1.05,0.4054651081081642,0.0008566047512048913,1.0,0.8844474649100378
2011-10-31,-0.0032346736123013706,0.10230659176938868,0.06171523619602659,0.25877635697938484,1.8562979903656263,-1.0699999999999998,0.16989903679539742,1.7753921629327676e-05,0.0,0.7086200453048669
2011-11-30,0.008536604990506612,-0.005071553722512535,0.060296946717217845,0.2159705613741374,1.840549633397487,-1.03,0.06453852113757116,3.7814491274165805e-06,0.0,0.58742700225427
2011-12-31,0.04165862986913936,0.008496565407114517,0.0574677401060186,0.18976843395393014,1.8562979903656263,-0.97,0.03278982282299097,-2.7893366974179867e-05,1.0,0.3481642102590336
2012-01-31,0.03975693010333365,0.042660044467807356,0.058094722691035425,0.1360480445622725,1.9740810260220096,-0.9299999999999999,-0.02985296314968116,0.0003993863174771354,0.0,-0.2614933292169766
2012-02-29,0.03069041815175139,0.03978734467204456,0.051975384710714084,0.09349628658873374,2.0014800002101243,-0.9199999999999999,-0.02985296314968116,0.0003946143201543616,0.0,-0.5398100700821721
2012-03-31,-0.007525699544988767,0.03085147563299614,0.04378734868670306,0.07542810136834718,1.9878743481543455,-0.82,-0.16507975035944844,0.00039537844698787054,0.0,-1.01942940496425
2012-04-30,-0.06466350490744126,-0.007525699544988767,0.0346015973662376,0.03140111687953305,2.028148247292285,-0.76,-0.3629054936893683,-0.00016954666694199612,0.0,-0.5578649767218797
2012-05-31,0.03914380830267209,-0.06469930815862472,0.03205139393218989,0.012244054760996494,2.066862759472976,-0.69,-0.3123746850421523,-0.00013566437098067762,0.0,-0.14448530490310169
2012-06-30,0.012394148291714065,0.03879271987369995,0.026391378730125117,-0.011606954595412574,2.066862759472976,-0.6399999999999999,-0.20359895524123942,-0.00014085939881793282,0.0,-0.3148278221679653
2012-07-31,0.01957060970187109,0.01251888494028272,0.02559748125645887,-0.06376890701558843,2.066862759472976,-0.51,-0.12516314295400605,-0.0003616949580398874,0.0,-0.026584845161883554
2012-08-31,0.023975497956944005,0.01957060970187109,0.01952829495230752,-0.07817774611808041,1.9459101490553132,-0.54,0.02817087696669644,-0.00034878904651594784,0.0,-0.053494703398674764
2012-09-30,-0.0201474639974915,0.023947118796254597,0.014602351373788082,-0.044746276130024236,1.9021075263969205,-0.5199999999999999,0.0,-0.0003251808305287711,0.0,0.014729664043670942
2012-10-31,0.0028144062391554634,-0.019987842358050206,0.008065607837744506,-0.023294447825410246,1.9740810260220096,-0.48999999999999994,-0.0317486983145803,1.899687875198027e-05,0.0,0.08116344985946446
2012-11-30,0.006930456553086502,0.0028426724604567314,0.010406893379175554,-0.009985061569494982,2.0541237336955462,-0.47,-0.0317486983145803,-2.4147750511088285e-06,0.0,-0.4161201610224543
2012-12-31,0.04919779199874611,0.0070433681007134085,0.012687333939055748,-0.01946265926930648,2.163323025660538,-0.41999999999999993,0.03174869831458027,4.166488171525134e-06,0.0,0.05357409368971575
2013-01-31,0.010999927126354463,0.04919779199874611,0.012721226840157545,-0.01904858919162952,2.388762789235098,-0.3799999999999999,0.0,0.00028097285845400877,0.0,-0.2818880431305671
2013-02-28,0.035355294329704884,0.010999927126354463,0.011828548481673369,-0.018343285353840534,1.589235205116581,-0.31999999999999995,0.0,0.0002563829796628352,0.0,-0.11900009289620274
2013-03-31,0.017930467002753258,0.035355294329704884,0.012556775304172004,-0.01912120051445092,1.547562508716013,-0.25999999999999995,-0.19782574332991978,0.00025904039645203124,0.0,-0.2139677095228196
2013-04-30,0.020562657290349447,0.017924165836652507,0.010886165475992304,-0.03949222055211097,1.5686159179138452,-0.15999999999999998,-0.0317486983145803,0.0006877138170071478,0.0,-0.31899149675520316
2013-05-31,-0.015707555965316162,0.020550202383511563,0.010228541817719478,-0.06671621829331471,1.62924053973028,-0.16999999999999998,0.03278982282299097,0.0006526972261621716,0.0,0.026734533679444488
2013-06-30,0.04610115092449535,-0.015112928770280075,0.008025808197854204,-0.06483934175503724,1.667706820558076,-0.18,-0.032789822822990956,0.0006760982152295562,0.0,-0.06653828880841192
2013-07-31,-0.03398487599322523,0.04827772805178804,0.009005005837419424,0.001157070057769688,1.6863989535702288,-0.2,0.03278982282299097,0.0006925193047748919,0.0,-0.059880846345124424
2013-08-31,0.0274923706296328,-0.03179826803794541,0.009601599697969188,0.026610440092130455,1.6486586255873816,-0.22,-0.1823215567939547,0.0006980294256424706,0.0,0.09231642791799576
2013-09-30,0.043118677667563055,0.02931559136642498,0.009529482364220505,0.01756701619372196,1.6486586255873816,-0.21000000000000002,0.0,0.0006628354709543815,0.0,0.267800739896549
2013-10-31,0.026434405038655233,0.04362997111283392,0.009664565842723752,0.006905558532275918,1.667706820558076,-0.2,-0.032789822822990956,0.0011426852040998235,0.0,0.016868719639503163
2013-11-30,0.02287977543615531,0.02766328977323541,0.007805156025907688,-0.008870686221263514,1.547562508716013,-0.23000000000000004,-0.06669137449867228,0.0011102719327585945,0.0,-0.17376924209478778
2013-12-31,-0.0348779418744403,0.0232894744820535,0.005400129176150853,-0.0008692104139456199,1.5040773967762742,-0.27,-0.06453852113757118,0.0010852808121318848,0.0,-0.20608934701438886
2014-01-31,0.042162838708886284,-0.0362314077760193,0.004036850243169613,0.02709003832688168,1.5040773967762742,-0.29000000000000004,-0.06252035698133393,0.00010764436171371061,0.0,0.3139148950898536
2014-02-28,0.007860540971120331,0.042213375072275613,0.004380709711399942,0.08572708958687073,1.6486586255873816,-0.32,-0.030771658666753545,0.00011336942476670467,0.0,-0.19474409024823394
2014-03-31,0.005316792579564125,0.006908248426944213,0.00960998815031207,0.13509444204242269,1.667706820558076,-0.37000000000000005,0.0,0.00012277330446331105,0.0,-0.17895375501891997
2014-04-30,0.020578637744967206,0.0061816433655846855,0.014767550871760887,0.07735336507813122,1.6486586255873816,-0.43000000000000005,0.03174869831458027,0.0004063493654261094,0.0,-0.02503813819765772
2014-05-31,0.018723023477693182,0.020812196013358243,0.01766355456369878,0.05601493156361673,1.6863989535702288,-0.41000000000000003,0.06252035698133393,0.0004124746725735132,0.0,-0.18378249697363377
2014-06-30,-0.016245062791156107,0.018878996713560546,0.027188933549347174,0.05841457527832467,1.7227665977411035,-0.36000000000000004,0.03278982282299097,0.0003910958737237127,0.0,-0.17043912693136734
2014-07-31,0.03741436419651667,-0.01519468763799153,0.02480850201655075,0.042411198622225546,1.7227665977411035,-0.37,0.06252035698133393,0.0004768788818858313,0.0,-0.08262610811903544
2014-08-31,-0.015984761953825068,0.03696364440798924,0.02641663840569086,0.02895055647711156,1.7047480922384253,-0.32,0.06453852113757116,0.00048163463602519246,0.0,-0.14667865236755737
2014-09-30,0.023367512355909496,-0.01563543610528987,0.027885075324382513,0.011393287934876609,1.667706820558076,-0.34,-0.09531017980432477,0.0004835963320332035,0.0,0.16132942056505814
2014-10-31,0.024158235799103287,0.022936398829564386,0.03066496310586109,-0.0162838006143568,1.7047480922384253,-0.35,-0.03390155167568134,-0.0006410141478801235,0.0,0.04519718916674485
2014-11-30,-0.003336081076905295,0.024237473563306713,0.0311096689767637,-0.04079329402427898,1.6863989535702288,-0.34,-0.03509131981127017,-0.0005810139922911865,0.0,0.15640380652894803
2014-12-31,-0.031532779266425476,-0.004197384221126008,0.03263771295969561,-0.06583617925259157,1.7227665977411035,-0.43000000000000005,-0.06899287148695156,-0.0005895292937139295,0.0,0.5064948039410521
2015-01-31,0.05259709431225012,-0.031532779266425476,0.03594185000230375,-0.1523371576370158,1.791759469228055,-0.47000000000000003,-0.21511137961694557,-0.0004889707078911719,0.0,0.2128249333320101
2015-02-28,-0.01789600375144814,0.053438876325627216,0.03281840804943308,-0.2886444659663145,1.840549633397487,-0.53,-0.13353139262452274,-0.0005051360678436587,0.0,0.098388374678149
2015-03-31,0.008610467205567789,-0.017549197433963104,0.028502344356061353,-0.3472919770725576,1.8562979903656263,-0.6300000000000001,-0.06453852113757118,-0.0004851222621170842,0.0,-0.06457936644266528
2015-04-30,0.009540529094845257,0.008484722544635536,0.01912786441496976,-0.23759712008569472,1.7749523509116738,-0.73,-0.2076393647782445,-0.0006809321293473431,0.0,0.03639313164475926
2015-05-31,-0.021828533827024946,0.010436729675336851,0.013209724323492385,-0.243627347833252,1.7749523509116738,-0.8600000000000001,-0.1643030512912763,-0.000682215605664011,0.0,0.037545832747519464
2015-06-30,0.01766600743312735,-0.021235558871758677,0.006224043324457966,-0.24357846595018584,1.7578579175523736,-1.0,-0.13815033848081718,-0.0006822097016129296,0.0,-0.05184175519005276
2015-07-31,-0.06493359571468879,0.019549682990019603,0.009302315399443463,-0.2448950603180828,1.7404661748405046,-1.17,-0.1643030512912763,-0.0006712056530784715,0.0,-0.5482358409707973
2015-08-31,-0.025738383460069965,-0.06462473099312395,0.00868986654224984,-0.27764814730417586,1.7227665977411035,-1.42,-0.13353139262452274,-0.000678709941168416,0.0,0.7566778844713452
2015-09-30,0.0799173152457163,-0.02679873096346286,0.008983508041669558,-0.31763029010982186,1.7227665977411035,-1.57,-0.06899287148695156,-0.0007372792572317089,0.0,0.4714741001046073
2015-10-31,-0.000168268858830155,0.07971937954339872,0.007718922348090271,-0.3238844296988867,1.7578579175523736,-1.77,-0.07145896398214487,-0.0006720261746117685,0.0,0.03511498566142769
2015-11-30,-0.01889623448232875,0.0005047417068051869,0.006863241102405422,-0.2947583642235592,1.7578579175523736,-2.12,-0.03636764417087472,-0.0006563112565316036,0.0,0.15311787889310718
2015-12-31,-0.049255369725340926,-0.01768565839025723,0.0028647046120516967,-0.27488334923355623,1.7227665977411035,-2.4000000000000004,-0.07410797215372172,-0.000665157233974577,0.0,-0.0010977201166727992
2016-01-31,-0.0024346117431186553,-0.052067617305496784,-0.004179281744051341,-0.26487935846642074,1.7578579175523736,-2.4600000000000004,0.0,-1.1807866558400827e-05,1.0,0.5108256709775898
2016-02-29,0.06139292719835149,-0.00413690551499243,-0.004110633309583629,-0.23086415460610243,1.8082887711792655,-2.59,-0.11332868530700312,-8.101839035550016e-06,0.0,-0.32458403258095997
2016-03-31,0.004211602418833042,0.06390499028682897,-0.0035388473543621207,-0.24209605738703527,1.7227665977411035,-2.67,-0.10536051565782628,-2.02033894640096e-05,0.0,-0.5631936229560569
2016-04-30,0.014303400440413856,0.0026957614511553935,-0.005057608898885103,-0.26630835436350797,1.7749523509116738,-2.7399999999999998,0.07410797215372183,6.944099453713891e-05,1.0,0.04095470781769061
2016-05-31,0.002346960607123745,0.015208366810523843,-0.003177922570182646,-0.21527998114262664,1.7047480922384253,-2.91,-0.15415067982725822,7.864602827603599e-05,0.0,-0.12814337850711296
2016-06-30,0.034761772575523,0.0009105066031534965,-0.007322258522139441,-0.1759507112947446,1.667706820558076,-2.83,-0.037740327982847086,8.937908492593121e-05,0.0,-0.15277869170817834
2016-07-31,-0.0010128456684364946,0.03499043269105408,-0.013143932012504226,-0.13893952284919994,1.589235205116581,-2.74,-0.03636764417087472,0.00032763789951151636,0.0,-0.531668443196051
2016-08-31,-0.001410295433715345,-0.0012199867803522136,-0.016104211716313075,-0.1076458059638422,1.62924053973028,-2.7,-0.11332868530700312,0.0003325885632124825,0.0,-0.4261147665876069
2016-09-30,-0.017798094300779103,-0.0012352137017536324,-0.01967227476733926,-0.07675881784215867,1.62924053973028,-2.7,-0.15415067982725822,0.00033942170216496345,0.0,-0.048467624739822086
2016-10-31,0.03241429438399398,-0.019616837043472765,-0.02210958153559386,-0.044388971342313996,1.62924053973028,-2.74,-0.11778303565638351,0.000864737604924456,0.0,0.08307581055332079
2016-11-30,0.01741884827894028,0.033603545044434316,-0.0231612147917819,-0.015687318404205973,1.667706820558076,-2.7399999999999998,-0.11778303565638351,0.0008384336693889434,0.0,-0.06252033313351368
2016-12-31,0.012051976476401547,0.01803711129927909,-0.02153219151041955,-0.019180825363143333,1.6863989535702288,-2.64,-0.1670540846631662,0.0008252972543126611,0.0,-0.10728175587461676
2017-01-31,0.03357852307548638,0.017726314621062854,-0.019761533382815055,0.07101811147058182,1.6094379124341003,-2.6999999999999997,0.03922071315328133,0.0008385792153999988,0.0,0.010058750969641388
2017-02-28,-0.007341573460959017,0.03652300073827695,-0.018745717422570016,0.1515374208565079,1.667706820558076,-2.68,0.0769610411361284,0.0008441269155973641,0.0,-0.03796963296906863
2017-03-31,0.009210927392382509,-0.00038927289213133893,-0.016336000787258262,0.1748383802822888,1.7227665977411035,-2.69,-0.07696104113612844,0.0008093957531760746,0.0,-0.07173769270189484
2017-04-30,0.009707823084987159,0.0090501324781982,-0.008467033735238164,0.15970721051912318,1.7227665977411035,-2.67,-0.11332868530700312,0.0005246859484457003,0.0,-0.45534026554531626
2017-05-31,0.003207241371278324,0.011509759110980618,-0.007404363252002125,0.1561644813762692,1.7404661748405046,-2.62,0.08004270767353656,0.000521348498584903,0.0,-0.2472502604980816
2017-06-30,0.015876554427424493,0.004802226040503879,-0.0019028068998010851,0.10294085107455149,1.840549633397487,-2.7499999999999996,0.0,0.0005191862737018023,0.0,-0.22778390085711003
2017-07-31,-0.0022026562328090163,0.01916401754710087,-0.0011272753610150137,0.0539777038921983,1.791759469228055,-2.7199999999999998,-0.037740327982847086,0.0004254740395928375,0.0,-0.15582008789923413
2017-08-31,0.01799895010198037,0.0005462837796946754,0.002195758544315397,0.04394511447860247,1.791759469228055,-2.58,0.03922071315328133,0.00040854891281949247,0.0,-0.19886633023756786
2017-09-30,0.021215544394563017,0.01911903935235539,0.002813790679756678,0.08925602077107925,1.8082887711792655,-2.5500000000000003,0.11778303565638365,0.0004137057474147798,0.0,-0.26293027652811823
2017-10-31,0.024613248230707995,0.021945560031841664,0.0040777684186646965,0.12190268572284989,1.7749523509116738,-2.57,0.0,0.00037170565558712897,0.0,-0.06097120411319858
2017-11-30,0.010720750607234085,0.02769554104663445,0.0054789600366936695,0.0972028861723714,1.791759469228055,-2.6400000000000006,0.0408219945202552,0.00034938237524473554,0.0,0.08026435442808685
2017-12-31,0.05087944701772898,0.009783614574871227,0.006305937626130218,0.1317485712412375,1.7227665977411035,-2.7900000000000005,0.20479441264601322,0.00035442010890026113,0.0,-0.01260145762992669
2018-01-31,-0.03711625926244181,0.05465739835832857,0.00933444759032916,0.12316669121481477,1.6094379124341003,-3.0900000000000003,0.03774032798284711,0.0006710071928614583,0.0,0.27739540261598056
2018-02-28,-0.027764517921545086,-0.0397261075980839,0.011666512432480866,0.13260881313879289,1.7404661748405046,-3.52,0.0,0.0006860072191618173,0.0,0.6282938523288256
2018-03-31,0.005528783431552641,-0.02725249736693992,0.005714768462229143,0.11204848041280689,1.7578579175523736,-3.8600000000000003,0.11332868530700307,0.0007039041087696355,0.0,0.7418872124190828
2018-04-30,0.023302243283331553,0.002715085811824473,0.0031913851384754396,0.11878645032885211,1.7749523509116738,-4.24,0.0769610411361284,0.0008862347096334649,0.0,0.44777910197890564
2018-05-31,-0.00012132784041129161,0.021378191183066175,0.0040702071840257184,0.14670084546563825,1.791759469228055,-4.51,0.07410797215372183,0.0008738082319957898,0.0,0.31328246375600394
2018-06-30,0.04033702003030229,0.004830749386570285,-3.767447993972998e-05,0.1662814987492948,1.791759469228055,-4.82,0.14310084364067324,0.000861627721466,0.0,0.37667293309408323
2018-07-31,0.028083079512467485,0.035387950737524286,0.002320215807336974,0.1840780123549591,1.840549633397487,-5.27,0.109199291964992,0.0009540360509753555,0.0,-0.05386209198575722
2018-08-31,0.005857939807898981,0.029814314524382428,0.0027629811775045565,0.21360172906989724,1.8718021769015913,-5.750000000000001,0.14310084364067324,0.0009353590418350837,0.0,-0.434082334238293
2018-09-30,-0.07614493077585728,0.004285093286333627,0.004141259870189876,0.19194924735036373,1.8870696490323797,-6.23,0.0,0.0009234838256045287,0.0,-0.49937414184502377
2018-10-31,0.015550436580331539,-0.07192934595429683,0.00465730063094205,0.16169991015318996,1.916922612182061,-6.45,0.18924199963852834,0.00024330818305615503,0.0,0.28721111107379443
2018-11-30,-0.10719376737355453,0.017701752056117587,0.002248328283504782,0.15849993972308585,1.9021075263969205,-6.49,0.11332868530700307,0.00024572651996004495,0.0,0.15793940156245473
2018-12-31,0.08773718981987405,-0.09626521985789901,0.005371835267747445,0.1010916302966424,1.8718021769015913,-6.390000000000001,0.0,0.00025610555887173,0.0,0.45733829827495254
2019-01-31,0.029954040610764156,0.07574215198675599,0.007350587093551952,0.018497928379035505,2.128231705849268,-6.05,0.0,0.0002407635655219261,1.0,0.25580764034008596
2019-02-28,0.01284674984157033,0.029295553365402384,0.007174415685219866,-0.06211847582050005,2.1041341542702074,-5.540000000000001,-0.037740327982847086,0.0002551162163431465,1.0,0.13915320534062892
2019-03-31,0.03355250171890606,0.017765510890228747,0.012150625908689136,-0.020510838854701136,2.1400661634962708,-4.95,-0.11332868530700312,0.0002459653923991561,0.0,0.12326852515779421
2019-04-30,-0.07024497212049961,0.03856039741757082,0.013840692176966133,-0.001259208572489337,2.066862759472976,-4.369999999999999,-0.07696104113612844,9.156266790315088e-05,0.0,-0.4812774793597389
2019-05-31,0.06685091376344401,-0.06804089408287398,0.0069806423745087205,-0.009348295588026839,2.0412203288596382,-3.6599999999999997,0.03509131981127019,0.00010164908972512016,0.0,0.03480500363787815
2019-06-30,0.003014211792945302,0.06665830156302614,0.01147921355185978,-0.0023397681885498544,1.9878743481543455,-2.6899999999999995,-0.10536051565782628,9.344400179316613e-05,0.0,-0.5221669112421136
2019-07-31,-0.018237212136129825,0.01304272483370528,0.009020137699758261,-0.036501902247016355,1.9600947840472698,-1.7599999999999998,-0.10919929196499197,-0.00025591961624526837,0.0,-0.027533023880997674
2019-08-31,0.023015918222813424,-0.018257281743262237,0.0059223609434629395,-0.050186292155320916,1.916922612182061,-0.8399999999999999,-0.10536051565782628,-0.0002633080230370854,0.0,0.2501108716104153
2019-09-30,0.017893810940373803,0.01703525059107193,0.004775999326752172,-0.07977968023721617,1.9459101490553132,0.09000000000000008,0.03636764417087479,-0.0002725798204064379,0.0,0.16935182428318005
2019-10-31,0.029157228188385807,0.020225842153317446,0.0059911765990966915,-0.09629173552465858,1.9740810260220096,0.8900000000000001,-0.14842000511827322,0.000747853903007863,0.0,0.007593079829078862
2019-11-30,0.027275408649888252,0.033480266071378155,0.010138035194503996,-0.1072173631373449,1.9878743481543455,1.34,-0.11332868530700312,0.0007012178834572011,0.0,-0.3937752433086341
2019-12-31,-0.005919442376354052,0.028188756298542148,0.010348925479659727,-0.06929224576825009,1.9600947840472698,1.66,-0.1603426500751795,0.0006948492328267726,0.0,-0.09015111131301526
2020-01-31,-0.09099825182110022,-0.0016294196024425806,0.007231077902739588,0.020801125301285747,1.8562979903656263,1.91,-0.07696104113612844,-0.002280766888316985,0.0,0.15592148810725587
2020-02-29,-0.14043508071369534,-0.08785953690838776,0.007739622461796307,0.030409567112462708,1.9740810260220096,2.66,-0.0800427076735365,-0.0022834427908963863,0.0,0.7482399259353346
2020-03-31,0.15346529271154025,-0.1336677246703745,0.00863630702496949,-0.04802797045845093,2.0412203288596382,3.13,-0.12783337150988477,-0.0028158368636842113,1.0,1.1929517345522593
2020-04-30,0.05927935678963243,0.11942083876017671,0.011061075203957804,-0.15346989374213477,2.5257286443082556,2.9899999999999998,-0.17435338714477766,-0.0020195384395304875,0.0,0.9490317760760735
2020-05-31,0.020039539381524363,0.04428653294909693,0.03982339892478049,-0.26610662974362903,3.4657359027997265,2.6899999999999995,0.09844007281325251,-0.0018899299179970484,0.0,0.7792667352115851
2020-06-30,0.05182252709587169,0.018221374356719156,0.046919851117136264,-0.3014037760035295,3.122364924487357,2.15,0.10536051565782614,-0.0017925601891038605,1.0,0.7922107277301452
2020-07-31,0.062493000278037454,0.053636801634505855,0.0545196543930433,-0.22181088884053454,2.91235066461494,1.73,0.14310084364067324,-0.00010692512417822278,0.0,0.26105681558209115
2020-08-31,-0.04205297718347545,0.06771908300435733,0.044793052730306655,-0.19879761240200378,2.884800712846709,1.34,0.13815033848081718,-9.154317620421798e-05,0.0,-0.4178829744675188
2020-09-30,-0.034833183727545146,-0.04001811998317809,0.04521387503183999,-0.17060503878580974,2.6390573296152584,1.02,-0.07410797215372172,-0.00010723233044845199,0.0,-0.7082020230015782
2020-10-31,0.09415389337469554,-0.028055692285554126,0.039565743045754505,-0.19395080607734166,2.580216829592325,0.68,0.03922071315328133,-0.0003947521049409646,0.0,0.10734971840189408
2020-11-30,0.02977816396932926,0.10214642790660017,0.0386803551637046,-0.20013184293030023,2.5494451709255714,0.7100000000000001,0.11332868530700307,-0.0003753298141498325,0.0,-0.29071589442753204
2020-12-31,-0.0134702201949019,0.03644904784059159,0.035243317321644554,-0.1842936394734281,2.4932054526026954,0.7400000000000001,0.08338160893905121,-0.00037116359726500534,0.0,-0.2908638285407004
2021-01-31,0.021209118786980757,-0.0111991376508885,0.038795131930337054,-0.14291664458918035,2.4849066497880004,0.63,0.1823215567939546,0.0031726781710581012,0.0,0.30219203371536696
2021-02-28,0.03336796108291867,0.02575687667253664,0.036831095743495176,-0.07450342404590946,2.9601050959108397,0.01999999999999995,0.3184537311185346,0.0030691049196192827,0.0,0.05667450636630432
2021-03-31,0.046103355510070596,0.041562807282546625,0.03515132829860604,0.05562568695569401,2.5494451709255714,-0.46,0.3429447511268303,0.003048403374106353,0.0,-0.30695398578460953
2021-04-30,0.0028894143529457853,0.05109733046805641,0.03281495227089632,0.1659419794344927,3.261935314328648,-0.33,0.48183808689273827,0.0025572360164848843,0.0,-0.7144132456492324
2021-05-31,0.019023310350994187,0.00547149271672327,0.012274027763791173,0.24845982226848556,2.509599262378372,-0.2,0.3629054936893683,0.00252969928973997,0.0,-0.2048385801185306
2021-06-30,0.021741863005982853,0.021970872566122474,0.006560858850123769,0.30103962495239955,2.2925347571405443,-0.11000000000000001,0.336472236621213,0.0024768473775666233,0.0,-0.3626582763236183
2021-07-31,0.025942390668124694,0.022493175922251307,0.009163710435872502,0.2815601413503267,2.163323025660538,-0.06000000000000001,0.4489502200479032,0.001294155874503123,0.0,-0.5956141544469811
2021-08-31,-0.05008997603946785,0.028578143159792575,0.024833121367853227,0.2687717358533563,2.2407096892759584,-0.02000000000000003,0.39465419200394863,0.0012592311901056114,0.0,-0.5282697301932859
2021-09-30,0.06462734500368497,-0.04873779278283316,0.028878384924280243,0.2505525818498681,2.163323025660538,-2.7755575615628914e-17,0.5705448584676128,0.0012692975893102577,0.0,0.17628964898316393
2021-10-31,-0.00950582941816896,0.0668581752839893,0.04365927289268372,0.30741972593585104,1.9740810260220096,-0.030000000000000013,0.6131044728864088,0.0017225140465367504,0.0,-0.13499098525508815
2021-11-30,0.0348760614152422,-0.008368625655205266,0.05208568777084113,0.3909831033554548,1.8870696490323797,-0.16999999999999998,0.5596157879354228,0.001630350077832665,0.0,0.48385416957570054
2021-12-31,-0.05652442568550641,0.04268864816139665,0.06150179505989605,0.3922573771326849,1.824549292051046,-0.47,0.6523251860396901,0.0016314834787447097,0.0,0.08416459005135848
2022-01-31,-0.032752626338749036,-0.05401822999928342,0.06326788709865132,0.32500369679627367,1.8082887711792655,-1.1600000000000001,0.49062291644847134,1.819321528882324e-05,0.0,0.30843562434958444
2022-02-28,0.037620464640343944,-0.03186276102171146,0.07178136194877986,0.3137385618454713,1.410986973710262,-2.09,0.3953127366441465,-1.2853452643831261e-05,0.0,0.6040374138163953
2022-03-31,-0.09425280272786006,0.035148286271522736,0.08305611358777146,0.2889861162937699,1.410986973710262,-3.52,0.5549968420791281,8.1838164565796e-06,0.0,-0.11821528077765912
2022-04-30,0.00037276627277477316,-0.09206782490742232,0.09590994149595408,0.414878918050797,1.2237754316221157,-5.3100000000000005,0.46262352194811307,-0.00042019599121531864,0.0,0.7198478274716127
2022-05-31,-0.09190902182359487,5.3176290760624664e-05,0.1023866230885623,0.4631678344347745,1.1314021114911006,-6.63,0.14165051706302684,-0.00046440151096453005,0.0,-0.03747159937478961
2022-06-30,0.08835910697422693,-0.08765158180481791,0.11258573067511886,0.5653673000921782,1.1314021114911006,-8.23,0.2326222952687535,-0.00048461780641845346,1.0,0.511174003119476
2022-07-31,-0.0390213066185685,0.08720138468971587,0.11545892193036994,0.5326233752353117,0.9932517730102834,-9.56,0.10109611687136881,-0.0004373895294367566,0.0,-0.1519380675410018
2022-08-31,-0.0934189899128027,-0.04336703066340545,0.12303096177812976,0.4349302025855072,1.252762968495368,-10.75,0.0425596144187959,-0.000423458949943097,0.0,-0.15310088188245186
2022-09-30,0.07011916229200196,-0.09804916662099257,0.1268945674420633,0.3968082187315029,1.1631508098056809,-12.23,0.021506205220963682,-0.0004312549066709128,0.0,0.43044244371114726
2022-10-31,0.04468854295563716,0.07683456446885563,0.12176621556023497,0.33569458968647514,1.0986122886681098,-13.74,0.0408219945202552,-0.0012736569343558392,0.0,-0.25508550846282635
2022-11-30,-0.06250328287882984,0.05235797609764905,0.11683664746593864,0.36353312934541526,1.0986122886681098,-14.540000000000001,0.02020270731751947,-0.001206298307313585,0.0,-0.24105795221256715
2022-12-31,0.056335992647221694,-0.060781825376668173,0.11291506622503718,0.3478515350304874,1.1939224684724346,-14.860000000000001,-0.11000089521432846,-0.0012029090413869497,0.0,-0.2813166431751906
2023-01-31,-0.024856362356409863,0.05992118183434968,0.11131074646380755,0.2319995630634775,1.2237754316221157,-14.510000000000002,-0.22825865198098033,0.0002097853230250543,0.0,-0.0948414825005274
2023-02-28,0.03616801916643061,-0.02645947885979313,0.10736337244950973,0.17036096562301495,1.4816045409242156,-14.030000000000001,-0.15415067982725836,0.00019270076889677128,0.0,-0.2229502915100458
2023-03-31,0.016267860333530962,0.03445129269826359,0.0963997515610393,0.055834013556672016,1.547562508716013,-12.59,-0.40546510810816444,0.0001994493068532396,0.0,-0.525266293663105
2023-04-30,0.0031246299673190273,0.0145361776495622,0.0802432286149248,-0.11545234002622916,1.6486586255873816,-10.79,-0.1388364448542158,0.00048314850149903195,1.0,-0.49472713870907425
2023-05-31,0.0619536464990052,0.0024792714332724764,0.06914110547812935,-0.16408229033067961,1.6486586255873816,-9.6,-0.23262229526875347,0.0004814392004464949,0.0,-0.13728684029896712
2023-06-30,0.030641459225374076,0.06271886491464175,0.05661185152983015,-0.33572132145690053,1.667706820558076,-8.329999999999998,-0.4737843520856416,0.0004352463220400846,0.0,-0.466594579677979
2023-07-31,-0.015665317514476255,0.03066395090770391,0.04569955714392232,-0.3411196771029082,1.5686159179138452,-7.279999999999999,-0.42488319396526597,0.0002423826422834365,0.0,-0.3529997923012008
2023-08-31,-0.05502236400992816,-0.017875203842993896,0.03515622587157163,-0.2386145491228065,1.4816045409242156,-6.1499999999999995,-0.31585294941847714,0.0002570446065153946,0.0,-0.4222722857705274
2023-09-30,-0.02140133406518489,-0.04994616792328207,0.02887511831293627,-0.1320203021895454,1.4816045409242156,-4.789999999999999,-0.38441169891033206,0.00023759268501124948,0.0,-0.06518045302313288
2023-10-31,0.0836447806168458,-0.022224841001403373,0.023620979200677808,-0.05766651158252642,1.33500106673234,-3.3199999999999994,-0.17435338714477766,3.3352879692423378e-06,0.0,0.13937611254451635
2023-11-30,0.04511302696466162,0.0854244482007529,0.021070196932042463,-0.18902495672122527,1.410986973710262,-2.1899999999999995,-0.10536051565782628,-9.025848585824445e-06,0.0,-0.3282563821401877
2023-12-31,0.020947753152744313,0.04327903543160833,0.016239884135797807,-0.21385623893034905,1.410986973710262,-1.0199999999999987,-0.3272129112084161,1.9882285365790775e-06,0.0,-0.0876136318003588
2024-01-31,,0.015770693886425723,0.01324929677573198,-0.12471546591129215,1.308332819650179,-0.0699999999999994,-0.2962658161431724,-2.4865132465380076e-06,0.0,-0.023757590171249995
